QuantileRank,Demographic Parity Ratio,Equalized Odds Ratio
0,1.0,1.0
1,0.4307661691542289,0.39076923076923076
2,0.0,0.0
3,1.0,1.0
