QuantileRank,Demographic Parity Ratio,Equalized Odds Ratio
0,1.0,1.0
1,0.4428841161198962,0.4081841432225064
2,0.0,0.0
3,1.0,1.0
