Gender,precision_score,recall_score,f1_score,selection_rate,count of instances
f,0.32653061224489793,0.13114754098360656,0.18713450292397663,0.03349282296650718,1463.0
m,0.9363013698630137,0.9613220815752461,0.948646773074254,0.9499024072869225,1537.0
