Gender,accuracy_score,selection_rate
f,0.9049897470950102,0.9665071770334929
m,0.903708523096942,0.05009759271307743
