mitigated accuracy_score,mitigated selection_rate,accuracy_score,selection_rate
0.3676177836761778,0.6728599867285998,0.9049897470950102,0.9665071770334928
0.6724715338245144,0.6818486269256531,0.903708523096942,0.0500975927130774
