QuantileRank,Demographic Parity Ratio,Equalized Odds Ratio
0,0.9046445393799978,0.8975592686554106
1,0.925008461668641,0.8276286966046001
2,0.9469918552850651,0.9364197530864196
3,0.9913055633212189,0.9599224305106658
