Gender,accuracy_score,selection_rate
f,0.5480607082630692,0.521079258010118
m,0.5758205234732031,0.49979227253842956
