Gender,precision_score,recall_score,f1_score,selection_rate,count of instances
f,0.5950704225352113,0.5248447204968945,0.5577557755775578,0.47892074198988194,593.0
m,0.6054817275747508,0.571764705882353,0.5881403791851553,0.5002077274615704,2407.0
