mitigated accuracy_score,mitigated selection_rate,accuracy_score,selection_rate
0.4965277777777778,0.4444444444444444,0.5480607082630692,0.521079258010118
0.5028877887788779,0.46905940594059403,0.5758205234732031,0.4997922725384295
